Species_1 (P1)	Species_2 (P2)	Species_3 (P3)	phylum	class	metric	value	significant? (Y/N; p-value; Z statistic)	genome_data_type	reference	collector	date	notes	Reporting type	Human associated?	Significance Test	divergence time (mya)	Recombination (+,0,-)	Sex chromosomes (+,0,-)
Setophaga auduboni (southern)	Setophaga auduboni (northern)	Setophaga coronata coronata	Chordata	Aves	D	0.077	9.3 × 10−10	GBS	https://onlinelibrary.wiley.com/doi/full/10.1111/mec.14858?casa_token=PjfbcRuutDQAAAAA%3A5Nr5DNFbz413OFysxr8xnINI7_dk-npOdcH4_5cJzms7R8iBx7hVZZqDy7OqA2y95IJNh_SiAhLIZQ	AD			specific configurations	no	P			
Setophaga coronata nigrifrons	Setophaga auduboni (northern)	Setophaga coronata coronata	Chordata	Aves	D	0.047	4.6 × 10−6	GBS	https://onlinelibrary.wiley.com/doi/full/10.1111/mec.14858?casa_token=PjfbcRuutDQAAAAA%3A5Nr5DNFbz413OFysxr8xnINI7_dk-npOdcH4_5cJzms7R8iBx7hVZZqDy7OqA2y95IJNh_SiAhLIZQ	AD			specific configurations	no	P			
Zimmerius viridiflavus	Zimmerius viridiflavus	Zimmerius chrysops	Chordata	Aves	D	0.092	p; 0.0033	RAD	https://doi.org/10.1093/sysbio/syt070	Heidi	3/31/20		specific configurations	no	P			
Oenanthe cypriaca	Oenanthe hispanica melanoleuca	Oenanthe pleschanka	Chordata	Aves	D	0.166	p; <0.001	RAD	10.1111/jeb.13401	Heidi	5/2/20		multiple configurations	no	P			
Oenanthe cypriaca	Oenanthe hispanica melanoleuca	Oenanthe pleschanka	Chordata	Aves	D	0.16	p; <0.001	RAD	10.1111/jeb.13401	Heidi	5/2/20		multiple configurations	no	P			
Oenanthe cypriaca	Oenanthe hispanica melanoleuca	Oenanthe hispanica hispanica	Chordata	Aves	D	0.044	p; <0.001	RAD	10.1111/jeb.13401	Heidi	5/2/20		multiple configurations	no	P			
Oenanthe hispanica melanoleuca	Oenanthe pleschanka	Oenanthe hispanica hispanica	Chordata	Aves	D	-0.058	p; <0.001	RAD	10.1111/jeb.13401	Heidi	5/2/20		multiple configurations	no	P			
Oenanthe cypriaca	Oenanthe pleschanka	Oenanthe hispanica hispanica	Chordata	Aves	D	-0.012	p; <0.001	RAD	10.1111/jeb.13401	Heidi	5/2/20		multiple configurations	no	P			
Oenanthe cypriaca	Oenanthe hispanica melanoleuca	Oenanthe pleschanka	Chordata	Aves	fhom	0.144	p; <0.001	RAD	10.1111/jeb.13401	DP	2/6/21		multiple configurations	no	P			
Oenanthe cypriaca	Oenanthe hispanica melanoleuca	Oenanthe pleschanka	Chordata	Aves	fhom	0.185	p; <0.001	RAD	10.1111/jeb.13401	DP	2/6/21		multiple configurations	no	P			
Oenanthe cypriaca	Oenanthe hispanica melanoleuca	Oenanthe hispanica hispanica	Chordata	Aves	fhom	0.059	p; <0.001	RAD	10.1111/jeb.13401	DP	2/6/21		multiple configurations	no	P			
Oenanthe hispanica melanoleuca	Oenanthe pleschanka	Oenanthe hispanica hispanica	Chordata	Aves	fhom	0.075	p; <0.001	RAD	10.1111/jeb.13401	DP	2/6/21		multiple configurations	no	P			
Oenanthe cypriaca	Oenanthe pleschanka	Oenanthe hispanica hispanica	Chordata	Aves	fhom	0.017	p; <0.001	RAD	10.1111/jeb.13401	DP	2/6/21		multiple configurations	no	P			
Selasphorus calliope	Selasphorus calliope	Selasphorus rufus	Chordata	Aves	D	0.00215	Z; 1.6	RAD	https://doi.org/10.1111/evo.13888	AD	11/09/20		all pairwise	no	Z			
Selasphorus calliope	Selasphorus calliope	Selasphorus sasin	Chordata	Aves	D	0.00164	Z; 1.37	RAD	https://doi.org/10.1111/evo.13888	AD	11/10/20		all pairwise	no	Z			
Selasphorus calliope	Selasphorus calliope	Selasphorus sasin sedantarius	Chordata	Aves	D	0.00219	Z; 1.59	RAD	https://doi.org/10.1111/evo.13888	AD	11/11/20		all pairwise	no	Z			
Selasphorus rufus	Selasphorus rufus	Selasphorus calliope	Chordata	Aves	D	0.00247	Z; 1.30	RAD	https://doi.org/10.1111/evo.13888	AD	11/12/20		all pairwise	no	Z			
Selasphorus rufus	Selasphorus rufus	Selasphorus sasin	Chordata	Aves	D	0.00338	Z; 1.84	RAD	https://doi.org/10.1111/evo.13888	AD	11/13/20		all pairwise	no	Z			
Selasphorus rufus	Selasphorus rufus	Selasphorus sasin sedantarius	Chordata	Aves	D	0.00424	Z; 2.12	RAD	https://doi.org/10.1111/evo.13888	AD	11/14/20		all pairwise	no	Z			
Selasphorus sasin	Selasphorus sasin	Selasphorus calliope	Chordata	Aves	D	0.00493	Z; 2.76	RAD	https://doi.org/10.1111/evo.13888	AD	11/15/20		all pairwise	no	Z			
Selasphorus sasin	Selasphorus sasin	Selasphorus rufus	Chordata	Aves	D	0.0226	Z; 9.85	RAD	https://doi.org/10.1111/evo.13888	AD	11/16/20		all pairwise	no	Z			
Selasphorus sasin	Selasphorus sasin	Selasphorus sasin sedantarius	Chordata	Aves	D	0.0272	Z; 10.7	RAD	https://doi.org/10.1111/evo.13888	AD	11/17/20		all pairwise	no	Z			
Selasphorus sasin	Selasphorus sasin sedantarius	Selasphorus calliope	Chordata	Aves	D	0.00382	Z; 1.83	RAD	https://doi.org/10.1111/evo.13888	AD	11/18/20		all pairwise	no	Z			
Selasphorus sasin	Selasphorus sasin sedantarius	Selasphorus rufus	Chordata	Aves	D	0.0322	Z;14.8	RAD	https://doi.org/10.1111/evo.13888	AD	11/19/20		all pairwise	no	Z			
Selasphorus sasin sedantarius	Selasphorus sasin sedantarius	Selasphorus calliope	Chordata	Aves	D	0.00455	Z;1.99	RAD	https://doi.org/10.1111/evo.13888	AD	11/20/20		all pairwise	no	Z			
Selasphorus sasin sedantarius	Selasphorus sasin sedantarius	Selasphorus rufus	Chordata	Aves	D	0.0059	Z; 2.94	RAD	https://doi.org/10.1111/evo.13888	AD	11/21/20		all pairwise	no	Z			
Pitohui uropygialis	Pitohui kirhocephalus	Pitohui dichrous	Chordata	Aves	D	0.33	Y	RAD	https://academic.oup.com/gbe/article/11/8/2332/5550337	AD	11/21/20		specific configurations	no	NA			
Rhipidura teysmanni	Rhipidura teysmanni toradja	Rhipidura teysmanni tax nov	Chordata	Aves	D	0.21035	5.6656e−5	RAD	https://doi.org/10.1016/j.ympev.2017.05.007	AD			specific configurations	no	P	intraspecies		
Rhipidura teysmanni toradja	Rhipidura teysmanni tax nov	Rhipidura teysmanni sulaensis	Chordata	Aves	D	0.22776	1.2027e−4	RAD	https://doi.org/10.1016/j.ympev.2017.05.007	AD			specific configurations	no	P	intraspecies		
Zimmerius viridiflavus	Zimmerius viridiflavus	Zimmerius chrysops	Chordata	Aves	D	0.092	0.0033	RAD	https://academic.oup.com/sysbio/article/63/2/134/1642809	AD			specific configurations	no	P			
Acridotheres melanopterus	Acridotheres tertius	Acridotheres javanicus	Chordata	Aves	D	0.0373	0.0273	RAD	10.1038/s41598-020-72428-2	DP	1Mar21	Table 2	specific configurations	no	P			
Acridotheres melanopterus	Acridotheres tertius	Acridotheres javanicus	Chordata	Aves	D	0.0558	0.0468	RAD	10.1038/s41598-020-72428-2	DP	1Mar21	Table 2	specific configurations	no	P			
Acridotheres melanopterus	Acridotheres tertius	Acridotheres javanicus	Chordata	Aves	D	0.0686	0.0108	RAD	10.1038/s41598-020-72428-2	DP	1Mar21	Table 2	specific configurations	no	P			
Acridotheres melanopterus	Acridotheres tertius	Acridotheres javanicus	Chordata	Aves	D	0.0605	0.0255	RAD	10.1038/s41598-020-72428-2	DP	1Mar21	Table 2	specific configurations	no	P			
Acridotheres melanopterus	Acridotheres tertius	Acridotheres javanicus	Chordata	Aves	D	0.0697	0.0038	RAD	10.1038/s41598-020-72428-2	DP	1Mar21	Table 2	specific configurations	no	P			
Acridotheres melanopterus	Acridotheres tertius	Acridotheres javanicus	Chordata	Aves	D	0.0657	0.0094	RAD	10.1038/s41598-020-72428-2	DP	1Mar21	Table 2	specific configurations	no	P			
Acridotheres melanopterus	Acridotheres tertius	Acridotheres javanicus	Chordata	Aves	D	0.0529	0.0425	RAD	10.1038/s41598-020-72428-2	DP	1Mar21	Table 2	specific configurations	no	P			
Acridotheres melanopterus	Acridotheres tertius	Acridotheres javanicus	Chordata	Aves	D	0.0638	0.0126	RAD	10.1038/s41598-020-72428-2	DP	1Mar21	Table 2	specific configurations	no	P			
Acridotheres melanopterus	Acridotheres tertius	Acridotheres javanicus	Chordata	Aves	D	0.0601	0.0272	RAD	10.1038/s41598-020-72428-2	DP	1Mar21	Table 2	specific configurations	no	P			
Acridotheres melanopterus	Acridotheres tertius	Acridotheres javanicus	Chordata	Aves	fg	0.0116	0.0273	RAD	10.1038/s41598-020-72428-2	DP	1Mar21	Table 2	specific configurations	no	P			
Acridotheres melanopterus	Acridotheres tertius	Acridotheres javanicus	Chordata	Aves	fg	0.0181	0.0468	RAD	10.1038/s41598-020-72428-2	DP	1Mar21	Table 2	specific configurations	no	P			
Acridotheres melanopterus	Acridotheres tertius	Acridotheres javanicus	Chordata	Aves	fg	0.0216	0.0108	RAD	10.1038/s41598-020-72428-2	DP	1Mar21	Table 2	specific configurations	no	P			
Acridotheres melanopterus	Acridotheres tertius	Acridotheres javanicus	Chordata	Aves	fg	0.0184	0.0255	RAD	10.1038/s41598-020-72428-2	DP	1Mar21	Table 2	specific configurations	no	P			
Acridotheres melanopterus	Acridotheres tertius	Acridotheres javanicus	Chordata	Aves	fg	0.0213	0.0038	RAD	10.1038/s41598-020-72428-2	DP	1Mar21	Table 2	specific configurations	no	P			
Acridotheres melanopterus	Acridotheres tertius	Acridotheres javanicus	Chordata	Aves	fg	0.0211	0.0094	RAD	10.1038/s41598-020-72428-2	DP	1Mar21	Table 2	specific configurations	no	P			
Acridotheres melanopterus	Acridotheres tertius	Acridotheres javanicus	Chordata	Aves	fg	0.0165	0.0425	RAD	10.1038/s41598-020-72428-2	DP	1Mar21	Table 2	specific configurations	no	P			
Acridotheres melanopterus	Acridotheres tertius	Acridotheres javanicus	Chordata	Aves	fg	0.0195	0.0126	RAD	10.1038/s41598-020-72428-2	DP	1Mar21	Table 2	specific configurations	no	P			
Acridotheres melanopterus	Acridotheres tertius	Acridotheres javanicus	Chordata	Aves	fg	0.0183	0.0272	RAD	10.1038/s41598-020-72428-2	DP	1Mar21	Table 2	specific configurations	no	P			
Aphelocoma wollweberi	Aphelocoma wollweberi	Aphelocoma wollweberi	Chordata	Aves	D	-0.09	-2.26	sequence capture	10.1111/mec.13813	DP	6Feb21	Table 2 (different geographic regions)	multiple configurations	no	Z			
Aphelocoma wollweberi	Aphelocoma wollweberi	Aphelocoma wollweberi	Chordata	Aves	D	-0.13	-3.04	sequence capture	10.1111/mec.13813	DP	6Feb21	Table 2 (different geographic regions)	multiple configurations	no	Z			
Aphelocoma wollweberi	Aphelocoma wollweberi	Aphelocoma wollweberi	Chordata	Aves	D	0.26	7.04	sequence capture	10.1111/mec.13813	DP	6Feb21	Table 2 (different geographic regions)	multiple configurations	no	Z			
Aphelocoma wollweberi	Aphelocoma wollweberi	Aphelocoma wollweberi	Chordata	Aves	D	0.18	4.79	sequence capture	10.1111/mec.13813	DP	6Feb21	Table 2 (different geographic regions)	multiple configurations	no	Z			
Aphelocoma wollweberi	Aphelocoma wollweberi	Aphelocoma wollweberi	Chordata	Aves	D	0.49	15.34	sequence capture	10.1111/mec.13813	DP	6Feb21	Table 2 (different geographic regions)	multiple configurations	no	Z			
Aphelocoma wollweberi	Aphelocoma wollweberi	Aphelocoma wollweberi	Chordata	Aves	D	0.43	12.41	sequence capture	10.1111/mec.13813	DP	6Feb21	Table 2 (different geographic regions)	multiple configurations	no	Z			
Aphelocoma wollweberi	Aphelocoma wollweberi	Aphelocoma ultramarina	Chordata	Aves	D	0.08	1.8	sequence capture	10.1111/mec.13813	DP	6Feb21	Table 2 (different geographic regions)	multiple configurations	no	Z			
Aphelocoma wollweberi	Aphelocoma wollweberi	Aphelocoma ultramarina	Chordata	Aves	D	0.06	1.46	sequence capture	10.1111/mec.13813	DP	6Feb21	Table 2 (different geographic regions)	multiple configurations	no	Z			
Aphelocoma wollweberi	Aphelocoma wollweberi	Aphelocoma ultramarina	Chordata	Aves	D	0.23	4.54	sequence capture	10.1111/mec.13813	DP	6Feb21	Table 2 (different geographic regions)	multiple configurations	no	Z			
Aphelocoma wollweberi	Aphelocoma wollweberi	Aphelocoma ultramarina	Chordata	Aves	D	0.1	1.96	sequence capture	10.1111/mec.13813	DP	6Feb21	Table 2 (different geographic regions)	multiple configurations	no	Z			
Aphelocoma wollweberi	Aphelocoma wollweberi	Aphelocoma californica	Chordata	Aves	D	0.02	0.44	sequence capture	10.1111/mec.13813	DP	6Feb21	Table 2 (different geographic regions)	multiple configurations	no	Z			
Aphelocoma wollweberi	Aphelocoma wollweberi	Aphelocoma californica	Chordata	Aves	D	-0.06	-1.51	sequence capture	10.1111/mec.13813	DP	6Feb21	Table 2 (different geographic regions)	multiple configurations	no	Z			
Aphelocoma wollweberi wollweberi	Aphelocoma wollweberi arizonae	Aphelocoma wollweberi couchii	Chordata	Aves	D	-0.09	Z;-2.26	WGS	https://doi.org/10.1111/mec.13813	Heidi	3/28/20		multiple configurations	no	Z			
Aphelocoma wollweberi wollweberi	Aphelocoma wollweberi arizonae	Aphelocoma wollweberi couchii	Chordata	Aves	D	-0.13	Z;-3.04 	WGS	https://doi.org/10.1111/mec.13813	Heidi	3/28/20		multiple configurations	no	Z			
Aphelocoma wollweberi arizonae	Aphelocoma wollweberi wollweberi	Aphelocoma wollweberi potosina	Chordata	Aves	D	0.26	Z;7.04 	WGS	https://doi.org/10.1111/mec.13813	Heidi	3/28/20		multiple configurations	no	Z			
Aphelocoma wollweberi wollweberi	Aphelocoma wollweberi wollweberi	Aphelocoma wollweberi potosina	Chordata	Aves	D	0.18	Z;4.79	WGS	https://doi.org/10.1111/mec.13813	Heidi	3/28/20		multiple configurations	no	Z			
Aphelocoma wollweberi arizonae	Aphelocoma wollweberi potosina	Aphelocoma wollweberi couchii 	Chordata	Aves	D	0.49	Z;15.34 	WGS	https://doi.org/10.1111/mec.13813	Heidi	3/28/20		multiple configurations	no	Z			
Aphelocoma wollweberi arizonae	Aphelocoma wollweberi potosina	Aphelocoma wollweberi couchii	Chordata	Aves	D	0.43	Z;12.41 	WGS	https://doi.org/10.1111/mec.13813	Heidi	3/28/20		multiple configurations	no	Z			
Aphelocoma wollweberi wollweberi	Aphelocoma wollweberi wollweberi	Aphelocoma ultramarina colimae 	Chordata	Aves	D	0.08	Z;1.8 	WGS	https://doi.org/10.1111/mec.13813	Heidi	3/28/20		multiple configurations	no	Z			
Aphelocoma wollweberi arizonae	Aphelocoma wollweberi wollweberi	Aphelocoma ultramarina colimae 	Chordata	Aves	D	0.06	Z;1.46	WGS	https://doi.org/10.1111/mec.13813	Heidi	3/28/20		multiple configurations	no	Z			
Aphelocoma wollweberi couchii	Aphelocoma wollweberi potosina	Aphelocoma ultramarina ultramarina	Chordata	Aves	D	0.23	Z;4.54	WGS	https://doi.org/10.1111/mec.13813	Heidi	3/28/20		multiple configurations	no	Z			
Aphelocoma wollweberi couchii	Aphelocoma wollweberi potosina	Aphelocoma ultramarina ultramarina	Chordata	Aves	D	0.1	Z;1.96	WGS	https://doi.org/10.1111/mec.13813	Heidi	3/28/20		multiple configurations	no	Z			
Aphelocoma wollweberi wollweberi	Aphelocoma wollweberi wollweberi	Aphelocoma wollweberi wollweberi	Chordata	Aves	D	0.02	Z;0.44	WGS	https://doi.org/10.1111/mec.13813	Heidi	3/28/20		multiple configurations	no	Z			
Aphelocoma wollweberi wollweberi	Aphelocoma wollweberi wollweberi	Aphelocoma wollweberi wollweberi	Chordata	Aves	D	-0.06	Z;-1.51 	WGS	https://doi.org/10.1111/mec.13813	Heidi	3/28/20		multiple configurations	no	Z			
Passer domesticus	Passer italiae	Passer hispaniolensis	Chordata	Aves	D	0.195	Z; 0.575	WGS	https://dx.doi.org/10.1126%2Fsciadv.1602996	Heidi	5/2/20	Autosomes	specific configurations	no	Z			
Passer hispaniolensis	Passer italiae	Passer domesticus	Chordata	Aves	D	0.035	Z; 4.98	WGS	https://dx.doi.org/10.1126%2Fsciadv.1602996	Heidi	5/2/20	Autosomes	specific configurations	no	Z			
Passer domesticus	Passer italiae	Passer hispaniolensis	Chordata	Aves	D	0.552	Z; 8.34	WGS	https://dx.doi.org/10.1126%2Fsciadv.1602996	Heidi	5/2/20	Z	specific configurations	no	Z			
Passer hispaniolensis	Passer italiae	Passer domesticus	Chordata	Aves	D	0.575	Z; 7.62	WGS	https://dx.doi.org/10.1126%2Fsciadv.1602996	Heidi	5/2/20	Z	specific configurations	no	Z			
Passer domesticus	Passer italiae	Passer hispaniolensis	Chordata	Aves	D	0.211	Z; 24.23	WGS	https://dx.doi.org/10.1126%2Fsciadv.1602996	Heidi	4/4/20	Whole Genome	all pairwise	no	Z			
Passer hispaniolensis	Passer italiae	Passer domesticus	Chordata	Aves	D	0.065	Z; 5.39	WGS	https://dx.doi.org/10.1126%2Fsciadv.1602996	Heidi	4/4/20	Whole Genome	all pairwise	no	Z			
Corvus corone	Corvus cornix	Corvus corone	Chordata	Aves	D	0.1	Z; 34.31	WGS	https://doi.org/10.1126/science.1253226	Heidi	4/4/20	ANGSD and Egglib used for D-statistic estimate, Egglib; 0.08	all pairwise	no	Z			
Corvus corone	Corvus cornix	Corvus corone	Chordata	Aves	D	0.11	Z; 35.43	WGS	https://doi.org/10.1126/science.1253226	Heidi	4/4/20	ANGSD and Egglib used for D-statistic estimate , Egglib; 0.08	all pairwise	no	Z			
Corvus cornix	Corvus cornix	Corvus corone	Chordata	Aves	D	0	Z; 1.5	WGS	https://doi.org/10.1126/science.1253226	Heidi	4/4/20	ANGSD and Egglib used for D-statistic estimate , Egglib; 0	all pairwise	no	Z			
Corvus corone	Corvus cornix	Corvus corone	Chordata	Aves	D	-0.12	Z; -39.6	WGS	https://doi.org/10.1126/science.1253226	Heidi	4/4/20	ANGSD and Egglib used for D-statistic estimate , Egglib; 0.1	all pairwise	no	Z			
Corvus corone	Corvus cornix	Corvus corone	Chordata	Aves	D	-0.12	Z; -41.56	WGS	https://doi.org/10.1126/science.1253226	Heidi	4/4/20	ANGSD and Egglib used for D-statistic estimate , Egglib; -0.1	all pairwise	no	Z			
Corvus cornix	Corvus cornix	Corvus corone	Chordata	Aves	D	-0.01	Z; -1.66	WGS	https://doi.org/10.1126/science.1253226	Heidi	4/4/20	ANGSD and Egglib used for D-statistic estimate , Egglib; 0	all pairwise	no	Z			
Corvus corone	Corvus corone	Corvus cornix 	Chordata	Aves	D	-0.22	Z; -77.51	WGS	https://doi.org/10.1126/science.1253226	Heidi	4/4/20	ANGSD and Egglib used for D-statistic estimate , Egglib; -0.18	all pairwise	no	Z			
Corvus corone	Corvus cornix	Corvus cornix	Chordata	Aves	D	0.06	Z; 20.02	WGS	https://doi.org/10.1126/science.1253226	Heidi	4/4/20	ANGSD and Egglib used for D-statistic estimate , Egglib; 0.04	all pairwise	no	Z			
Corvus corone	Corvus cornix	Corvus cornix	Chordata	Aves	D	0.26	Z; 95.79	WGS	https://doi.org/10.1126/science.1253226	Heidi	4/4/20	ANGSD and Egglib used for D-statistic estimate, Egglib; 0.21	all pairwise	no	Z			
Corvus corone	Corvus corone	Corvus cornix	Chordata	Aves	D	-0.23	Z; -81.13	WGS	https://doi.org/10.1126/science.1253226	Heidi	4/4/20	ANGSD and Egglib used for D-statistic estimate , Egglib; -0.18	all pairwise	no	Z			
Corvus corone	Corvus cornix	Corvus cornix	Chordata	Aves	D	0.05	Z; 18.61	WGS	https://doi.org/10.1126/science.1253226	Heidi	4/4/20	ANGSD and Egglib used for D-statistic estimate , Egglib; 0.04	all pairwise	no	Z			
Corvus corone	Corvus cornix	Corvus cornix	Chordata	Aves	D	0.27	Z; 97.51	WGS	https://doi.org/10.1126/science.1253226	Heidi	4/4/20	ANGSD and Egglib used for D-statistic estimate , Egglib; 0.21	all pairwise	no	Z			
Corvus corone	Corvus corone	Corvus cornix	Chordata	Aves	D	-0.226	Z; -80.7575	WGS	https://dx.doi.org/10.1038%2Fncomms13195	Heidi	4/4/20	Species with the same name from different countries where used	multiple configurations	no	Z			
Corvus cornix	Corvus corone	Corvus corone	Chordata	Aves	D	-0.1051	Z; -34.9111	WGS	https://dx.doi.org/10.1038%2Fncomms13195	Heidi	4/4/20	Species with the same name from different countries where used	multiple configurations	no	Z			
Corvus cornix	Corvus corone	Corvus corone 	Chordata	Aves	D	0.1239	Z; 41.9398	WGS	https://dx.doi.org/10.1038%2Fncomms13195	Heidi	4/4/20	Species with the same name from different countries where used	multiple configurations	no	Z			
Corvus corone orientalis	Corvus cornix	Corvus corone orientalis	Chordata	Aves	D	0.1963	Z; 64.5971	WGS	https://dx.doi.org/10.1038%2Fncomms13195	Heidi	4/4/20	Species with the same name from different countries where used	multiple configurations	no	Z			
Corvus corone orientalis	Corvus corone orientalis	Corvus cornix	Chordata	Aves	D	-0.087	Z; -28.4764	WGS	https://dx.doi.org/10.1038%2Fncomms13195	Heidi	4/4/20	Species with the same name from different countries where used	multiple configurations	no	Z			
Corvus corone orientalis	Corvus corone orientalis	Corvus cornix 	Chordata	Aves	D	-0.3056	Z; -106.1954	WGS	https://dx.doi.org/10.1038%2Fncomms13195	Heidi	4/4/20	Species with the same name from different countries where used	multiple configurations	no	Z			
Corvus corone orientalis	Corvus cornix	Corvus corone orientalis 	Chordata	Aves	D	-0.0284	Z; -9.173	WGS	https://dx.doi.org/10.1038%2Fncomms13195	Heidi	4/4/20	Species with the same name from different countries where used	multiple configurations	no	Z			
Corvus corone orientalis	Corvus cornix	Corvus corone orientalis	Chordata	Aves	D	-0.1433	Z; -46.8227	WGS	https://dx.doi.org/10.1038%2Fncomms13195	Heidi	4/4/20	Species with the same name from different countries where used	multiple configurations	no	Z			
Corvus corone orientalis	Corvus corone orientalis	Corvus corone orientalis 	Chordata	Aves	D	-0.1975	Z; -64.5716	WGS	https://dx.doi.org/10.1038%2Fncomms13195	Heidi	4/4/20	Species with the same name from different countries where used	multiple configurations	no	Z			
Corvus corone orientalis	Corvus cornix	Corvus corone orientalis 	Chordata	Aves	D	-0.1151	Z; -37.4883	WGS	https://dx.doi.org/10.1038%2Fncomms13195	Heidi	4/4/20	Species with the same name from different countries where used	multiple configurations	no	Z			
Corvus corone orientalis	Corvus cornix	Corvus corone orientalis 	Chordata	Aves	D	0.0938	Z; 29.7128	WGS	https://dx.doi.org/10.1038%2Fncomms13195	Heidi	4/4/20	Species with the same name from different countries where used	multiple configurations	no	Z			
Corvus corone orientalis	Corvus corone orientalis	Corvus corone orientalis	Chordata	Aves	D	0.0337	Z; 10.8728	WGS	https://dx.doi.org/10.1038%2Fncomms13195	Heidi	4/4/20	Species with the same name from different countries where used	multiple configurations	no	Z			
Corvus corone orientalis	Corvus cornix	Corvus corone orientalis 	Chordata	Aves	D	-0.1163	Z; -38.0447	WGS	https://dx.doi.org/10.1038%2Fncomms13195	Heidi	4/4/20	Species with the same name from different countries where used	multiple configurations	no	Z			
Corvus corone orientalis	Corvus corone orientalis	Corvus cornix 	Chordata	Aves	D	0.2339	Z; 77.0083	WGS	https://dx.doi.org/10.1038%2Fncomms13195	Heidi	4/4/20	Species with the same name from different countries where used	multiple configurations	no	Z			
Corvus corone orientalis	Corvus corone orientalis	Corvus pectoralis 	Chordata	Aves	D	0.1383	Z; 44.1084	WGS	https://dx.doi.org/10.1038%2Fncomms13195	Heidi	4/4/20	Species with the same name from different countries where used	multiple configurations	no	Z			
Corvus corone orientalis	Corvus corone orientalis	Corvus pectoralis	Chordata	Aves	D	-0.0902	Z; -28.7712	WGS	https://dx.doi.org/10.1038%2Fncomms13195	Heidi	4/4/20	Species with the same name from different countries where used	multiple configurations	no	Z			
Corvus pectoralis	Corvus corone orientalis	Corvus corone orientalis 	Chordata	Aves	D	-0.0098	Z; -3.064	WGS	https://dx.doi.org/10.1038%2Fncomms13195	Heidi	4/4/20	Species with the same name from different countries where used	multiple configurations	no	Z			
Corvus pectoralis	Corvus corone orientalis	Corvus corone orientalis 	Chordata	Aves	D	0.0206	Z; 6.4845	WGS	https://dx.doi.org/10.1038%2Fncomms13195	Heidi	4/4/20	Species with the same name from different countries where used	multiple configurations	no	Z			
Corvus pectoralis	Corvus corone orientalis	Corvus corone orientalis 	Chordata	Aves	D	0.3398	Z; 118.4002	WGS	https://dx.doi.org/10.1038%2Fncomms13195	Heidi	4/4/20	Species with the same name from different countries where used	multiple configurations	no	Z			
Corvus corone orientalis	Corvus corone orientalis	Corvus corone orientalis 	Chordata	Aves	D	0.2305	Z; 75.7677	WGS	https://dx.doi.org/10.1038%2Fncomms13195	Heidi	4/4/20	Species with the same name from different countries where used	multiple configurations	no	Z			
Corvus corone orientalis	Corvus corone orientalis	Corvus pectoralis 	Chordata	Aves	D	0.0567	Z; 17.7938	WGS	https://dx.doi.org/10.1038%2Fncomms13195	Heidi	4/4/20	Species with the same name from different countries where used	multiple configurations	no	Z			
Corvus pectoralis	Corvus corone orientalis	Corvus corone orientalis 	Chordata	Aves	D	0.1286	Z; 41.0296	WGS	https://dx.doi.org/10.1038%2Fncomms13195	Heidi	4/4/20	Species with the same name from different countries where used	multiple configurations	no	Z			
Corvus corone orientalis	Corvus corone orientalis	Corvus corone orientalis 	Chordata	Aves	D	0.036	Z; 11.5416	WGS	https://dx.doi.org/10.1038%2Fncomms13195	Heidi	4/4/20	Species with the same name from different countries where used	multiple configurations	no	Z			
Corvus pectoralis	Corvus corone orientalis	Corvus corone orientalis 	Chordata	Aves	D	0.2887	Z; 96.2869	WGS	https://dx.doi.org/10.1038%2Fncomms13195	Heidi	4/4/20	Species with the same name from different countries where used	multiple configurations	no	Z			
Corvus pectoralis	Corvus corone orientalis	Corvus corone orientalis	Chordata	Aves	D	0.1105	Z; 35.4039	WGS	https://dx.doi.org/10.1038%2Fncomms13195	Heidi	4/4/20	Species with the same name from different countries where used	multiple configurations	no	Z			
Corvus corone orientalis	Corvus corone orientalis	Corvus corone orientalis 	Chordata	Aves	D	-0.1962	Z; -63.8719	WGS	https://dx.doi.org/10.1038%2Fncomms13195	Heidi	4/4/20	Species with the same name from different countries where used	multiple configurations	no	Z			
Corvus corone orientalis	Corvus corone orientalis	Corvus corone orientalis 	Chordata	Aves	D	0.2296	Z; 75.5343	WGS	https://dx.doi.org/10.1038%2Fncomms13195	Heidi	4/4/20	Species with the same name from different countries where used	multiple configurations	no	Z			
Gallus gallus	Gallus gallus domesticus	Gallus sonneratii	Chordata	Aves	D	0.07	Z; 37.85	WGS	https://doi.org/10.1186/s12915-020-0738-1	Heidi	4/30/20	Autosomes (chromosomes 1–28)	specific configurations	yes	Z			-
Gallus gallus	Gallus gallus domesticus	Gallus lafayettii	Chordata	Aves	D	0.06	Z; 36.78	WGS	https://doi.org/10.1186/s12915-020-0738-1	Heidi	4/30/20	Autosomes (chromosomes 1–28)	specific configurations	yes	Z			-
Gallus gallus	Gallus gallus domesticus	Gallus varius	Chordata	Aves	D	0.05	Z; 34.24	WGS	https://doi.org/10.1186/s12915-020-0738-1	Heidi	4/30/20	Autosomes (chromosomes 1–28)	specific configurations	yes	Z			-
Passer domesticus	Passer hispaniolensis	Passer italiae	Chordata	Aves	D	22.52	p; <0.001	WGS	10.1038/s41559-017-0437-7	Heidi	5/4/20		specific configurations	no	P			
Branta leucopsis	Branta hutchinsii	Branta canadensis	Chordata	Aves	D	0.08728	4.32154	WGS	https://doi.org/10.1186/s12862-017-1048-2	AD		Confirmed yours were right -DP	multiple configurations	no	Z			
Branta leucopsis	Branta hutchinsii	Branta ruficollis	Chordata	Aves	D	0.14635	6.02174	WGS	https://doi.org/10.1186/s12862-017-1048-2	AD		Confirmed yours were right -DP	multiple configurations	no	Z			
Branta canadensis	Branta hutchinsii	Branta ruficollis	Chordata	Aves	D	0.04229	2.02795	WGS	https://doi.org/10.1186/s12862-017-1048-2	AD		Confirmed yours were right -DP	multiple configurations	no	Z			
Branta sandvicensis	Branta hutchinsii	Branta ruficollis	Chordata	Aves	D	0.05084	2.21083	WGS	https://doi.org/10.1186/s12862-017-1048-2	AD		Confirmed yours were right -DP	multiple configurations	no	Z			
Branta leucopsis	Branta hutchinsii	Branta bernicla	Chordata	Aves	D	0.09358	3.5156	WGS	https://doi.org/10.1186/s12862-017-1048-2	AD		Confirmed yours were right -DP	multiple configurations	no	Z			
Branta canadensis	Branta hutchinsii	Branta bernicla	Chordata	Aves	D	0.02062	0.84617	WGS	https://doi.org/10.1186/s12862-017-1048-2	AD		Confirmed yours were right -DP	multiple configurations	no	Z			
Branta sandvicensis	Branta hutchinsii	Branta bernicla	Chordata	Aves	D	0.04735	1.99313	WGS	https://doi.org/10.1186/s12862-017-1048-2	AD		Confirmed yours were right -DP	multiple configurations	no	Z			
Branta leucopsis	Branta canadensis	Branta ruficollis	Chordata	Aves	D	0.10018	4.03718	WGS	https://doi.org/10.1186/s12862-017-1048-2	AD		Confirmed yours were right -DP	multiple configurations	no	Z			
Branta sandvicensis	Branta canadensis	Branta ruficollis	Chordata	Aves	D	0.01082	0.4553	WGS	https://doi.org/10.1186/s12862-017-1048-2	AD		Confirmed yours were right -DP	multiple configurations	no	Z			
Branta leucopsis	Branta sandvicensis	Branta ruficollis	Chordata	Aves	D	0.0937	4.19242	WGS	https://doi.org/10.1186/s12862-017-1048-2	AD		Confirmed yours were right -DP	multiple configurations	no	Z			
Branta leucopsis	Branta bernicla	Branta ruficollis	Chordata	Aves	D	0.07249	3.02167	WGS	https://doi.org/10.1186/s12862-017-1048-2	AD		Confirmed yours were right -DP	multiple configurations	no	Z			
Branta hutchinsii	Branta bernicla	Branta ruficollis	Chordata	Aves	D	0.00681	0.29991	WGS	https://doi.org/10.1186/s12862-017-1048-2	AD		Confirmed yours were right -DP	multiple configurations	no	Z			
Branta canadensis	Branta bernicla	Branta ruficollis	Chordata	Aves	D	0.02213	0.99801	WGS	https://doi.org/10.1186/s12862-017-1048-2	AD		Confirmed yours were right -DP	multiple configurations	no	Z			
Branta sandvicensis	Branta bernicla	Branta ruficollis	Chordata	Aves	D	0.04413	1.91339	WGS	https://doi.org/10.1186/s12862-017-1048-2	AD		Confirmed yours were right -DP	multiple configurations	no	Z			
Anser erythropus	Anser albifrons 	Anser brachyrhynchus	Chordata	Aves	D	0.12618	6.11657	WGS	https://doi.org/10.1186/s12862-017-1048-2	AD		Confirmed yours were right -DP	multiple configurations	no	Z			
Anser serrirostris	Anser albifrons 	Anser brachyrhynchus	Chordata	Aves	D	0.02723	1.33776	WGS	https://doi.org/10.1186/s12862-017-1048-2	AD		Confirmed yours were right -DP	multiple configurations	no	Z			
Anser fabalis	Anser albifrons 	Anser brachyrhynchus	Chordata	Aves	D	0.08962	4.41287	WGS	https://doi.org/10.1186/s12862-017-1048-2	AD		Confirmed yours were right -DP	multiple configurations	no	Z			
Anser erythropus	Anser albifrons 	Chen canagica	Chordata	Aves	D	0.00458	0.19114	WGS	https://doi.org/10.1186/s12862-017-1048-2	AD		Confirmed yours were right -DP	multiple configurations	no	Z			
Anser brachyrhynchus	Anser albifrons 	Chen canagica	Chordata	Aves	D	0.08824	3.70132	WGS	https://doi.org/10.1186/s12862-017-1048-2	AD		Confirmed yours were right -DP	multiple configurations	no	Z			
Anser serrirostris	Anser albifrons 	Chen canagica	Chordata	Aves	D	0.07891	3.38305	WGS	https://doi.org/10.1186/s12862-017-1048-2	AD		Confirmed yours were right -DP	multiple configurations	no	Z			
Anser fabalis	Anser albifrons 	Chen canagica	Chordata	Aves	D	0.12782	5.45737	WGS	https://doi.org/10.1186/s12862-017-1048-2	AD		Confirmed yours were right -DP	multiple configurations	no	Z			
Anser cygnoides	Anser albifrons 	Chen canagica	Chordata	Aves	D	0.06185	2.6321	WGS	https://doi.org/10.1186/s12862-017-1048-2	AD		Confirmed yours were right -DP	multiple configurations	no	Z			
Anser anser	Anser albifrons 	Chen canagica	Chordata	Aves	D	0.07889	3.53742	WGS	https://doi.org/10.1186/s12862-017-1048-2	AD		Confirmed yours were right -DP	multiple configurations	no	Z			
Chen caerulescens	Anser albifrons 	Chen canagica	Chordata	Aves	D	0.00213	0.0979	WGS	https://doi.org/10.1186/s12862-017-1048-2	AD		Confirmed yours were right -DP	multiple configurations	no	Z			
Anser erythropus	Anser albifrons 	Anser indicus	Chordata	Aves	D	0.02266	0.91438	WGS	https://doi.org/10.1186/s12862-017-1048-2	AD		Confirmed yours were right -DP	multiple configurations	no	Z			
Anser brachyrhynchus	Anser albifrons 	Anser indicus	Chordata	Aves	D	0.00384	0.17217	WGS	https://doi.org/10.1186/s12862-017-1048-2	AD		Confirmed yours were right -DP	multiple configurations	no	Z			
Anser serrirostris	Anser albifrons 	Anser indicus	Chordata	Aves	D	0.04281	1.68711	WGS	https://doi.org/10.1186/s12862-017-1048-2	AD		Confirmed yours were right -DP	multiple configurations	no	Z			
Anser fabalis	Anser albifrons 	Anser indicus	Chordata	Aves	D	0.08341	3.47019	WGS	https://doi.org/10.1186/s12862-017-1048-2	AD		Confirmed yours were right -DP	multiple configurations	no	Z			
Anser cygnoides	Anser albifrons 	Anser indicus	Chordata	Aves	D	0.02871	1.1552	WGS	https://doi.org/10.1186/s12862-017-1048-2	AD		Confirmed yours were right -DP	multiple configurations	no	Z			
Anser albifrons	Anser erythropus	Anser cygnoides	Chordata	Aves	D	0.11449	5.27904	WGS	https://doi.org/10.1186/s12862-017-1048-2	AD		Confirmed yours were right -DP	multiple configurations	no	Z			
Anser brachyrhynchus	Anser erythropus	Anser cygnoides	Chordata	Aves	D	0.1498	6.82075	WGS	https://doi.org/10.1186/s12862-017-1048-2	AD		Confirmed yours were right -DP	multiple configurations	no	Z			
Anser serrirostris	Anser erythropus	Anser cygnoides	Chordata	Aves	D	0.16054	8.14973	WGS	https://doi.org/10.1186/s12862-017-1048-2	AD		Confirmed yours were right -DP	multiple configurations	no	Z			
Anser fabalis	Anser erythropus	Anser cygnoides	Chordata	Aves	D	0.17324	8.38472	WGS	https://doi.org/10.1186/s12862-017-1048-2	AD		Confirmed yours were right -DP	multiple configurations	no	Z			
Anser albifrons	Anser erythropus	Anser anser	Chordata	Aves	D	0.10818	5.26884	WGS	https://doi.org/10.1186/s12862-017-1048-2	AD		Confirmed yours were right -DP	multiple configurations	no	Z			
Anser brachyrhynchus	Anser erythropus	Anser anser	Chordata	Aves	D	0.08162	3.5794	WGS	https://doi.org/10.1186/s12862-017-1048-2	AD		Confirmed yours were right -DP	multiple configurations	no	Z			
Anser serrirostris	Anser erythropus	Anser anser	Chordata	Aves	D	0.0973	4.64227	WGS	https://doi.org/10.1186/s12862-017-1048-2	AD		Confirmed yours were right -DP	multiple configurations	no	Z			
Anser fabalis	Anser erythropus	Anser anser	Chordata	Aves	D	0.08177	3.70011	WGS	https://doi.org/10.1186/s12862-017-1048-2	AD		Confirmed yours were right -DP	multiple configurations	no	Z			
Anser cygnoides	Anser erythropus	Anser anser	Chordata	Aves	D	0.09312	4.06701	WGS	https://doi.org/10.1186/s12862-017-1048-2	AD		Confirmed yours were right -DP	multiple configurations	no	Z			
Anser albifrons	Anser erythropus	Chen rossii	Chordata	Aves	D	0.10396	5.32508	WGS	https://doi.org/10.1186/s12862-017-1048-2	AD		Confirmed yours were right -DP	multiple configurations	no	Z			
Anser brachyrhynchus	Anser erythropus	Chen rossii	Chordata	Aves	D	0.11974	5.42133	WGS	https://doi.org/10.1186/s12862-017-1048-2	AD		Confirmed yours were right -DP	multiple configurations	no	Z			
Anser serrirostris	Anser erythropus	Chen rossii	Chordata	Aves	D	0.10336	4.68194	WGS	https://doi.org/10.1186/s12862-017-1048-2	AD		Confirmed yours were right -DP	multiple configurations	no	Z			
Anser fabalis	Anser erythropus	Chen rossii	Chordata	Aves	D	0.08314	3.93028	WGS	https://doi.org/10.1186/s12862-017-1048-2	AD		Confirmed yours were right -DP	multiple configurations	no	Z			
Anser cygnoides	Anser erythropus	Chen rossii	Chordata	Aves	D	0.1038	3.98444	WGS	https://doi.org/10.1186/s12862-017-1048-2	AD		Confirmed yours were right -DP	multiple configurations	no	Z			
Anser anser	Anser erythropus	Chen rossii	Chordata	Aves	D	0.01148	0.53256	WGS	https://doi.org/10.1186/s12862-017-1048-2	AD		Confirmed yours were right -DP	multiple configurations	no	Z			
Chen canagica	Anser erythropus	Chen rossii	Chordata	Aves	D	0.10199	4.5106	WGS	https://doi.org/10.1186/s12862-017-1048-2	AD		Confirmed yours were right -DP	multiple configurations	no	Z			
Anser albifrons	Anser erythropus	Chen caerulescens	Chordata	Aves	D	0.16526	7.33651	WGS	https://doi.org/10.1186/s12862-017-1048-2	AD		Confirmed yours were right -DP	multiple configurations	no	Z			
Anser brachyrhynchus	Anser erythropus	Chen caerulescens	Chordata	Aves	D	0.17361	7.03194	WGS	https://doi.org/10.1186/s12862-017-1048-2	AD		Confirmed yours were right -DP	multiple configurations	no	Z			
Anser serrirostris	Anser erythropus	Chen caerulescens	Chordata	Aves	D	0.15702	7.05339	WGS	https://doi.org/10.1186/s12862-017-1048-2	AD		Confirmed yours were right -DP	multiple configurations	no	Z			
Anser fabalis	Anser erythropus	Chen caerulescens	Chordata	Aves	D	0.13653	6.22385	WGS	https://doi.org/10.1186/s12862-017-1048-2	AD		Confirmed yours were right -DP	multiple configurations	no	Z			
Anser cygnoides	Anser erythropus	Chen caerulescens	Chordata	Aves	D	0.15579	6.52462	WGS	https://doi.org/10.1186/s12862-017-1048-2	AD		Confirmed yours were right -DP	multiple configurations	no	Z			
Anser anser	Anser erythropus	Chen caerulescens	Chordata	Aves	D	0.08565	4.05429	WGS	https://doi.org/10.1186/s12862-017-1048-2	AD		Confirmed yours were right -DP	multiple configurations	no	Z			
Chen rossii	Anser erythropus	Chen caerulescens	Chordata	Aves	D	0.05399	2.29222	WGS	https://doi.org/10.1186/s12862-017-1048-2	AD		Confirmed yours were right -DP	multiple configurations	no	Z			
Chen canagica	Anser erythropus	Chen caerulescens	Chordata	Aves	D	0.14437	6.00712	WGS	https://doi.org/10.1186/s12862-017-1048-2	AD		Confirmed yours were right -DP	multiple configurations	no	Z			
Anser brachyrhynchus	Anser erythropus	Chen canagica	Chordata	Aves	D	0.07564	3.16364	WGS	https://doi.org/10.1186/s12862-017-1048-2	AD		Confirmed yours were right -DP	multiple configurations	no	Z			
Anser serrirostris	Anser erythropus	Chen canagica	Chordata	Aves	D	0.0703	3.00986	WGS	https://doi.org/10.1186/s12862-017-1048-2	AD		Confirmed yours were right -DP	multiple configurations	no	Z			
Anser fabalis	Anser erythropus	Chen canagica	Chordata	Aves	D	0.11995	5.41878	WGS	https://doi.org/10.1186/s12862-017-1048-2	AD		Confirmed yours were right -DP	multiple configurations	no	Z			
Anser cygnoides	Anser erythropus	Chen canagica	Chordata	Aves	D	0.05741	2.35746	WGS	https://doi.org/10.1186/s12862-017-1048-2	AD		Confirmed yours were right -DP	multiple configurations	no	Z			
Anser anser	Anser erythropus	Chen canagica	Chordata	Aves	D	0.07769	3.47207	WGS	https://doi.org/10.1186/s12862-017-1048-2	AD		Confirmed yours were right -DP	multiple configurations	no	Z			
Anser erythropus	Anser brachyrhynchus	Anser indicus	Chordata	Aves	D	0.01861	0.74921	WGS	https://doi.org/10.1186/s12862-017-1048-2	AD		Confirmed yours were right -DP	multiple configurations	no	Z			
Anser serrirostris	Anser brachyrhynchus	Anser indicus	Chordata	Aves	D	0.04048	1.56798	WGS	https://doi.org/10.1186/s12862-017-1048-2	AD		Confirmed yours were right -DP	multiple configurations	no	Z			
Anser fabalis	Anser brachyrhynchus	Anser indicus	Chordata	Aves	D	0.08173	3.43567	WGS	https://doi.org/10.1186/s12862-017-1048-2	AD		Confirmed yours were right -DP	multiple configurations	no	Z			
Anser cygnoides	Anser brachyrhynchus	Anser indicus	Chordata	Aves	D	0.02505	0.9412	WGS	https://doi.org/10.1186/s12862-017-1048-2	AD		Confirmed yours were right -DP	multiple configurations	no	Z			
Anser albifrons	Anser anser	Chen rossii	Chordata	Aves	D	0.0867	3.71949	WGS	https://doi.org/10.1186/s12862-017-1048-2	AD		Confirmed yours were right -DP	multiple configurations	no	Z			
Anser brachyrhynchus	Anser anser	Chen rossii	Chordata	Aves	D	0.10741	4.49622	WGS	https://doi.org/10.1186/s12862-017-1048-2	AD		Confirmed yours were right -DP	multiple configurations	no	Z			
Anser serrirostris	Anser anser	Chen rossii	Chordata	Aves	D	0.08642	3.4077	WGS	https://doi.org/10.1186/s12862-017-1048-2	AD		Confirmed yours were right -DP	multiple configurations	no	Z			
Anser fabalis	Anser anser	Chen rossii	Chordata	Aves	D	0.06832	2.94125	WGS	https://doi.org/10.1186/s12862-017-1048-2	AD		Confirmed yours were right -DP	multiple configurations	no	Z			
Anser cygnoides	Anser anser	Chen rossii	Chordata	Aves	D	0.08417	3.04915	WGS	https://doi.org/10.1186/s12862-017-1048-2	AD		Confirmed yours were right -DP	multiple configurations	no	Z			
Chen caerulescens	Anser anser	Chen rossii	Chordata	Aves	D	0.03108	1.22365	WGS	https://doi.org/10.1186/s12862-017-1048-2	AD		Confirmed yours were right -DP	multiple configurations	no	Z			
Chen canagica	Anser anser	Chen rossii	Chordata	Aves	D	0.16325	6.66969	WGS	https://doi.org/10.1186/s12862-017-1048-2	AD		Confirmed yours were right -DP	multiple configurations	no	Z			
Anser albifrons	Anser anser	Chen caerulescens	Chordata	Aves	D	0.07162	3.05535	WGS	https://doi.org/10.1186/s12862-017-1048-2	AD		Confirmed yours were right -DP	multiple configurations	no	Z			
Anser brachyrhynchus	Anser anser	Chen caerulescens	Chordata	Aves	D	0.09092	3.41593	WGS	https://doi.org/10.1186/s12862-017-1048-2	AD		Confirmed yours were right -DP	multiple configurations	no	Z			
Anser serrirostris	Anser anser	Chen caerulescens	Chordata	Aves	D	0.06595	2.68222	WGS	https://doi.org/10.1186/s12862-017-1048-2	AD		Confirmed yours were right -DP	multiple configurations	no	Z			
Anser fabalis	Anser anser	Chen caerulescens	Chordata	Aves	D	0.04418	1.83175	WGS	https://doi.org/10.1186/s12862-017-1048-2	AD		Confirmed yours were right -DP	multiple configurations	no	Z			
Anser cygnoides	Anser anser	Chen caerulescens	Chordata	Aves	D	0.0588	2.22562	WGS	https://doi.org/10.1186/s12862-017-1048-2	AD		Confirmed yours were right -DP	multiple configurations	no	Z			
Chen canagica	Anser anser	Chen caerulescens	Chordata	Aves	D	0.13882	5.59049	WGS	https://doi.org/10.1186/s12862-017-1048-2	AD		Confirmed yours were right -DP	multiple configurations	no	Z			
Anser albifrons	Anser serrirostris	Chen rossii	Chordata	Aves	D	0.00305	0.12683	WGS	https://doi.org/10.1186/s12862-017-1048-2	AD		Confirmed yours were right -DP	multiple configurations	no	Z			
Anser brachyrhynchus	Anser serrirostris	Chen rossii	Chordata	Aves	D	0.02867	1.23776	WGS	https://doi.org/10.1186/s12862-017-1048-2	AD		Confirmed yours were right -DP	multiple configurations	no	Z			
Anser cygnoides	Anser serrirostris	Chen rossii	Chordata	Aves	D	0.00034	0.01257	WGS	https://doi.org/10.1186/s12862-017-1048-2	AD		Confirmed yours were right -DP	multiple configurations	no	Z			
Chen caerulescens	Anser serrirostris	Chen rossii	Chordata	Aves	D	0.00673	0.27436	WGS	https://doi.org/10.1186/s12862-017-1048-2	AD		Confirmed yours were right -DP	multiple configurations	no	Z			
Chen canagica	Anser serrirostris	Chen rossii	Chordata	Aves	D	0.07827	3.69219	WGS	https://doi.org/10.1186/s12862-017-1048-2	AD		Confirmed yours were right -DP	multiple configurations	no	Z			
Anser albifrons	Anser serrirostris	Chen caerulescens	Chordata	Aves	D	0.00949	0.38375	WGS	https://doi.org/10.1186/s12862-017-1048-2	AD		Confirmed yours were right -DP	multiple configurations	no	Z			
Anser brachyrhynchus	Anser serrirostris	Chen caerulescens	Chordata	Aves	D	0.03252	1.24293	WGS	https://doi.org/10.1186/s12862-017-1048-2	AD		Confirmed yours were right -DP	multiple configurations	no	Z			
Anser cygnoides	Anser serrirostris	Chen caerulescens	Chordata	Aves	D	0.00617	0.24225	WGS	https://doi.org/10.1186/s12862-017-1048-2	AD		Confirmed yours were right -DP	multiple configurations	no	Z			
Chen canagica	Anser serrirostris	Chen caerulescens	Chordata	Aves	D	0.07382	3.31701	WGS	https://doi.org/10.1186/s12862-017-1048-2	AD		Confirmed yours were right -DP	multiple configurations	no	Z			
Anser albifrons	Anser fabalis	Chen rossii	Chordata	Aves	D	0.02316	1.0319	WGS	https://doi.org/10.1186/s12862-017-1048-2	AD		Confirmed yours were right -DP	multiple configurations	no	Z			
Anser brachyrhynchus	Anser fabalis	Chen rossii	Chordata	Aves	D	0.04881	2.25631	WGS	https://doi.org/10.1186/s12862-017-1048-2	AD		Confirmed yours were right -DP	multiple configurations	no	Z			
Anser serrirostris	Anser fabalis	Chen rossii	Chordata	Aves	D	0.02269	0.97237	WGS	https://doi.org/10.1186/s12862-017-1048-2	AD		Confirmed yours were right -DP	multiple configurations	no	Z			
Anser cygnoides	Anser fabalis	Chen rossii	Chordata	Aves	D	0.0202	0.77424	WGS	https://doi.org/10.1186/s12862-017-1048-2	AD		Confirmed yours were right -DP	multiple configurations	no	Z			
Chen caerulescens	Anser fabalis	Chen rossii	Chordata	Aves	D	0.00234	0.10261	WGS	https://doi.org/10.1186/s12862-017-1048-2	AD		Confirmed yours were right -DP	multiple configurations	no	Z			
Chen canagica	Anser fabalis	Chen rossii	Chordata	Aves	D	0.13905	6.34584	WGS	https://doi.org/10.1186/s12862-017-1048-2	AD		Confirmed yours were right -DP	multiple configurations	no	Z			
Anser albifrons	Anser fabalis	Chen caerulescens	Chordata	Aves	D	0.03412	1.45166	WGS	https://doi.org/10.1186/s12862-017-1048-2	AD		Confirmed yours were right -DP	multiple configurations	no	Z			
Anser brachyrhynchus	Anser fabalis	Chen caerulescens	Chordata	Aves	D	0.05813	2.39468	WGS	https://doi.org/10.1186/s12862-017-1048-2	AD		Confirmed yours were right -DP	multiple configurations	no	Z			
Anser serrirostris	Anser fabalis	Chen caerulescens	Chordata	Aves	D	0.02728	1.16662	WGS	https://doi.org/10.1186/s12862-017-1048-2	AD		Confirmed yours were right -DP	multiple configurations	no	Z			
Anser cygnoides	Anser fabalis	Chen caerulescens	Chordata	Aves	D	0.01747	0.77938	WGS	https://doi.org/10.1186/s12862-017-1048-2	AD		Confirmed yours were right -DP	multiple configurations	no	Z			
Chen canagica	Anser fabalis	Chen caerulescens	Chordata	Aves	D	0.13976	6.65546	WGS	https://doi.org/10.1186/s12862-017-1048-2	AD		Confirmed yours were right -DP	multiple configurations	no	Z			
Anser albifrons	Anser anser	Anser indicus	Chordata	Aves	D	0.01386	0.56111	WGS	https://doi.org/10.1186/s12862-017-1048-2	AD		Confirmed yours were right -DP	multiple configurations	no	Z			
Anser erythropus	Anser anser	Anser indicus	Chordata	Aves	D	0.03647	1.45986	WGS	https://doi.org/10.1186/s12862-017-1048-2	AD		Confirmed yours were right -DP	multiple configurations	no	Z			
Anser brachyrhynchus	Anser anser	Anser indicus	Chordata	Aves	D	0.01757	0.73695	WGS	https://doi.org/10.1186/s12862-017-1048-2	AD		Confirmed yours were right -DP	multiple configurations	no	Z			
Anser serrirostris	Anser anser	Anser indicus	Chordata	Aves	D	0.05311	2.04765	WGS	https://doi.org/10.1186/s12862-017-1048-2	AD		Confirmed yours were right -DP	multiple configurations	no	Z			
Anser fabalis	Anser anser	Anser indicus	Chordata	Aves	D	0.09	4.05902	WGS	https://doi.org/10.1186/s12862-017-1048-2	AD		Confirmed yours were right -DP	multiple configurations	no	Z			
Anser cygnoides	Anser anser	Anser indicus	Chordata	Aves	D	0.04084	1.55534	WGS	https://doi.org/10.1186/s12862-017-1048-2	AD		Confirmed yours were right -DP	multiple configurations	no	Z			
Dendrocincla fuliginosa (meruloides)	Dendrocincla fuliginosa (neglecta)	Dendrocincla fuliginosa (ridgwayi)	Chordata	Aves	D	−0.250	0.0015	WGS	10.1111/evo.13902	AD		Table 1	multiple configurations	no	P	1		
Dendrocincla fuliginosa (meruloides)	Dendrocincla fuliginosa (ridgwayi)	Dendrocincla fuliginosa (rufoolivacea)	Chordata	Aves	D	−0.368	<0.00003	WGS	10.1111/evo.13902	AD		Table 1	multiple configurations	no	P	1		
Dendrocincla fuliginosa (meruloides)	Dendrocincla fuliginosa (rufoolivacea)	Dendrocincla anabatina (typhia)	Chordata	Aves	D	−0.284	<0.00009	WGS	10.1111/evo.13902	AD		Table 1	multiple configurations	no	P	0.5		
Dendrocincla fuliginosa (meruloides)	Dendrocincla fuliginosa (atrirostris)	Dendrocincla tyrannina (turdina)	Chordata	Aves	D	0.245	0.0027	WGS	10.1111/evo.13902	AD		Table 1	multiple configurations	no	P			
Dendrocincla fuliginosa (meruloides)	Dendrocincla fuliginosa (atrirostris)	Dendrocincla tyrannina (taunayi)	Chordata	Aves	D	0.3	<0.00001	WGS	10.1111/evo.13902	AD		Table 1	multiple configurations	no	P	3		
Dendrocincla merula (obidensis)	Dendrocincla tyrannina	Dendrocincla fuliginosa (atrirostris)	Chordata	Aves	D	‐0.231	0.0004	WGS	10.1111/evo.13902	AD		Table 1	multiple configurations	no	P	3		
Dendrocincla merula (obidensis)	Dendrocincla tyrannina	Dendrocincla anabatina (typhia)	Chordata	Aves	D	‐0.204	0.005	WGS	10.1111/evo.13902	AD		Table 1	multiple configurations	no	P	3		
Dendrocincla merula (obidensis)	Dendrocincla tyrannina	Dendrocincla fuliginosa (fuliginosa)	Chordata	Aves	D	−0.269	0.0005	WGS	10.1111/evo.13902	AD		Table 1	multiple configurations	no	P	3		
Dendrocincla merula (obidensis)	Dendrocincla tyrannina	Dendrocincla fuliginosa (rufoolivacea)	Chordata	Aves	D	−0.259	0.0005	WGS	10.1111/evo.13902	AD		Table 1	multiple configurations	no	P	3		
Dendrocincla merula (obidensis)	Dendrocincla tyrannina	Dendrocincla fuliginosa (ridgwayi)	Chordata	Aves	D	−0.237	0.001	WGS	10.1111/evo.13902	AD		Table 1	multiple configurations	no	P	3		
Dendrocincla merula (obidensis  (CN541))	Dendrocincla tyrannina (FM429946)	Dendrocincla fuliginosa (neglecta)	Chordata	Aves	D	−0.270	0.0006	WGS	10.1111/evo.13902	AD		Table 1	multiple configurations	no	P	3		
Dendrocincla merula (obidensis)	Dendrocincla tyrannina	Dendrocincla fuliginosa (meruloides)	Chordata	Aves	D	−0.301	0.00002	WGS	10.1111/evo.13902	AD		Table 1	multiple configurations	no	P	3		
Dendrocincla fuliginosa (meruloides)	Dendrocincla fuliginosa (neglecta)	Dendrocincla fuliginosa (ridgwayi)	Chordata	Aves	fhom	0.11	0.0015	WGS	10.1111/evo.13902	DP		Table 1	multiple configurations	no	P	1		
Dendrocincla fuliginosa (meruloides)	Dendrocincla fuliginosa (ridgwayi)	Dendrocincla fuliginosa (rufoolivacea)	Chordata	Aves	fhom	0.079	<0.00003	WGS	10.1111/evo.13902	DP		Table 1	multiple configurations	no	P	1		
Dendrocincla fuliginosa (meruloides)	Dendrocincla fuliginosa (rufoolivacea)	Dendrocincla anabatina (typhia)	Chordata	Aves	fhom	0.093	<0.00009	WGS	10.1111/evo.13902	DP		Table 1	multiple configurations	no	P	0.5		
Dendrocincla fuliginosa (meruloides)	Dendrocincla fuliginosa (atrirostris)	Dendrocincla tyrannina (turdina)	Chordata	Aves	fhom	0.065	0.0027	WGS	10.1111/evo.13902	DP		Table 1	multiple configurations	no	P			
Dendrocincla fuliginosa (meruloides)	Dendrocincla fuliginosa (atrirostris)	Dendrocincla tyrannina (taunayi)	Chordata	Aves	fhom	0.089	<0.00001	WGS	10.1111/evo.13902	DP		Table 1	multiple configurations	no	P	3		
Dendrocincla merula (obidensis)	Dendrocincla tyrannina	Dendrocincla fuliginosa (atrirostris)	Chordata	Aves	fhom	0.051	0.0004	WGS	10.1111/evo.13902	DP		Table 1	multiple configurations	no	P	3		
Dendrocincla merula (obidensis)	Dendrocincla tyrannina	Dendrocincla anabatina (typhia)	Chordata	Aves	fhom	0.047	0.005	WGS	10.1111/evo.13902	DP		Table 1	multiple configurations	no	P	3		
Dendrocincla merula (obidensis)	Dendrocincla tyrannina	Dendrocincla fuliginosa (fuliginosa)	Chordata	Aves	fhom	0.058	0.0005	WGS	10.1111/evo.13902	DP		Table 1	multiple configurations	no	P	3		
Dendrocincla merula (obidensis)	Dendrocincla tyrannina	Dendrocincla fuliginosa (rufoolivacea)	Chordata	Aves	fhom	0.055	0.0005	WGS	10.1111/evo.13902	DP		Table 1	multiple configurations	no	P	3		
Dendrocincla merula (obidensis)	Dendrocincla tyrannina	Dendrocincla fuliginosa (ridgwayi)	Chordata	Aves	fhom	0.052	0.001	WGS	10.1111/evo.13902	DP		Table 1	multiple configurations	no	P	3		
Dendrocincla merula (obidensis  (CN541))	Dendrocincla tyrannina (FM429946)	Dendrocincla fuliginosa (neglecta)	Chordata	Aves	fhom	0.06	0.0006	WGS	10.1111/evo.13902	DP		Table 1	multiple configurations	no	P	3		
Dendrocincla merula (obidensis)	Dendrocincla tyrannina	Dendrocincla fuliginosa (meruloides)	Chordata	Aves	fhom	0.065	0.00002	WGS	10.1111/evo.13902	DP		Table 1	multiple configurations	no	P	3		
Ammodramus nelsoni (allopatric)	Ammodramus nelsoni (sympatric)	Ammodramus caudacutus	Chordata	Aves	fD	0.126	yes	WGS	10.1111/evo.13581	AD			specific configurations	no	NA			
Phylloscopus occisinensis	Phylloscopus affinis	Phylloscopus griseolus	Chordata	Aves	D	0.0267	Z;24.75	WGS	https://doi.org/10.1093/molbev/msz170	AD			specific configurations	no	Z			
Geospiza conirostris_E	Geospiza difficilis_W	Geospiza difficilis_P	Chordata	Aves	D	0.081	2x10-81	WGS	10.1038/nature14181	DP	6Feb21	Table S2 (the underscore represents what island the species is from)	multiple configurations	no	P			
Geospiza magnirostris_G	Geospiza difficilis_W	Geospiza difficilis_P	Chordata	Aves	D	0.098	5x10-113	WGS	10.1038/nature14181	DP	6Feb21	Table S2 (the underscore represents what island the species is from)	multiple configurations	no	P			
Geospiza conirostris_G	Geospiza difficilis_W	Geospiza difficilis_P	Chordata	Aves	D	0.102	4x10-127	WGS	10.1038/nature14181	DP	6Feb21	Table S2 (the underscore represents what island the species is from)	multiple configurations	no	P			
Geospiza scandens_M	Geospiza difficilis_W	Geospiza difficilis_P	Chordata	Aves	D	0.098	4x10-102	WGS	10.1038/nature14181	DP	6Feb21	Table S2 (the underscore represents what island the species is from)	multiple configurations	no	P			
Geospiza difficilis_G	Geospiza difficilis_W	Geospiza difficilis_P	Chordata	Aves	D	0.051	5x10-32	WGS	10.1038/nature14181	DP	6Feb21	Table S2 (the underscore represents what island the species is from)	multiple configurations	no	P			
Geospiza fortis_M	Geospiza difficilis_W	Geospiza difficilis_P	Chordata	Aves	D	0.064	3x10-46	WGS	10.1038/nature14181	DP	6Feb21	Table S2 (the underscore represents what island the species is from)	multiple configurations	no	P			
Geospiza fuliginosa_S	Geospiza difficilis_W	Geospiza difficilis_P	Chordata	Aves	D	0.064	3x10-52	WGS	10.1038/nature14181	DP	6Feb21	Table S2 (the underscore represents what island the species is from)	multiple configurations	no	P			
Geospiza fuliginosa_Z	Geospiza difficilis_W	Geospiza difficilis_P	Chordata	Aves	D	0.067	2x10-60	WGS	10.1038/nature14181	DP	6Feb21	Table S2 (the underscore represents what island the species is from)	multiple configurations	no	P			
Geospiza difficilis_W	Geospiza difficilis_D	Geospiza difficilis_P	Chordata	Aves	D	-0.005	1	WGS	10.1038/nature14181	DP	6Feb21	Table S2 (the underscore represents what island the species is from)	multiple configurations	no	P			
Geospiza difficilis_W	Certhidea pallidus_Z	Geospiza difficilis_P	Chordata	Aves	D	-0.156	<1x10-325	WGS	10.1038/nature14181	DP	6Feb21	Table S2 (the underscore represents what island the species is from)	multiple configurations	no	P			
Geospiza difficilis_W	Certhidea heliobates_I	Geospiza difficilis_P	Chordata	Aves	D	-0.133	2x10-236	WGS	10.1038/nature14181	DP	6Feb21	Table S2 (the underscore represents what island the species is from)	multiple configurations	no	P			
Geospiza difficilis_W	Certhidea psittacula_P	Geospiza difficilis_P	Chordata	Aves	D	-0.136	2x10-262	WGS	10.1038/nature14181	DP	6Feb21	Table S2 (the underscore represents what island the species is from)	multiple configurations	no	P			
Geospiza difficilis_W	Certhidea parvulus_Z	Geospiza difficilis_P	Chordata	Aves	D	-0.136	4x10-265	WGS	10.1038/nature14181	DP	6Feb21	Table S2 (the underscore represents what island the species is from)	multiple configurations	no	P			
Geospiza difficilis_W	Certhidea pauper_F	Geospiza difficilis_P	Chordata	Aves	D	-0.139	9x10-260	WGS	10.1038/nature14181	DP	6Feb21	Table S2 (the underscore represents what island the species is from)	multiple configurations	no	P			
Geospiza conirostris_E	Geospiza magnirostris_G	Geospiza conirostris_G	Chordata	Aves	D	-0.037	5x10-47	WGS	10.1038/nature14181	DP	6Feb21	Table S2 (the underscore represents what island the species is from)	multiple configurations	no	P			
Geospiza conirostris_G	Geospiza scandens_M	Geospiza conirostris_E	Chordata	Aves	D	-0.04	8x10-17	WGS	10.1038/nature14181	DP	6Feb21	Table S2 (the underscore represents what island the species is from)	multiple configurations	no	P			
Geospiza conirostris_E	Geospiza difficilis_G	Geospiza difficilis_P	Chordata	Aves	D	0.033	7x10-43	WGS	10.1038/nature14181	DP	6Feb21	Table S2 (the underscore represents what island the species is from)	multiple configurations	no	P			
Geospiza magnirostris_G	Geospiza difficilis_G	Geospiza difficilis_P	Chordata	Aves	D	0.052	3x10-87	WGS	10.1038/nature14181	DP	6Feb21	Table S2 (the underscore represents what island the species is from)	multiple configurations	no	P			
Geospiza conirostris_G	Geospiza difficilis_G	Geospiza difficilis_P	Chordata	Aves	D	0.056	1x10-141	WGS	10.1038/nature14181	DP	6Feb21	Table S2 (the underscore represents what island the species is from)	multiple configurations	no	P			
Geospiza scandens_M	Geospiza difficilis_G	Geospiza difficilis_P	Chordata	Aves	D	0.05	6x10-85	WGS	10.1038/nature14181	DP	6Feb21	Table S2 (the underscore represents what island the species is from)	multiple configurations	no	P			
Geospiza fortis_M	Geospiza difficilis_G	Geospiza difficilis_P	Chordata	Aves	D	0.015	7x10-09	WGS	10.1038/nature14181	DP	6Feb21	Table S2 (the underscore represents what island the species is from)	multiple configurations	no	P			
Geospiza difficilis_G	Geospiza fuliginosa_S	Geospiza difficilis_P	Chordata	Aves	D	-0.014	4x10-08	WGS	10.1038/nature14181	DP	6Feb21	Table S2 (the underscore represents what island the species is from)	multiple configurations	no	P			
Geospiza difficilis_G	Geospiza fuliginosa_Z	Geospiza difficilis_P	Chordata	Aves	D	-0.018	1x10-17	WGS	10.1038/nature14181	DP	6Feb21	Table S2 (the underscore represents what island the species is from)	multiple configurations	no	P			
Geospiza difficilis_G	Geospiza difficilis_W	Geospiza difficilis_P	Chordata	Aves	D	0.051	5x10-32	WGS	10.1038/nature14181	DP	6Feb21	Table S2 (the underscore represents what island the species is from)	multiple configurations	no	P			
Geospiza difficilis_G	Geospiza difficilis_D	Geospiza difficilis_P	Chordata	Aves	D	0.048	8x10-29	WGS	10.1038/nature14181	DP	6Feb21	Table S2 (the underscore represents what island the species is from)	multiple configurations	no	P			
Geospiza difficilis_G	Certhidea pallidus_Z	Geospiza difficilis_P	Chordata	Aves	D	-0.114	<1x10-325	WGS	10.1038/nature14181	DP	6Feb21	Table S2 (the underscore represents what island the species is from)	multiple configurations	no	P			
Geospiza difficilis_G	Certhidea heliobates_I	Geospiza difficilis_P	Chordata	Aves	D	-0.089	2x10-203	WGS	10.1038/nature14181	DP	6Feb21	Table S2 (the underscore represents what island the species is from)	multiple configurations	no	P			
Geospiza difficilis_G	Certhidea psittacula_P	Geospiza difficilis_P	Chordata	Aves	D	-0.093	5x10-243	WGS	10.1038/nature14181	DP	6Feb21	Table S2 (the underscore represents what island the species is from)	multiple configurations	no	P			
Geospiza difficilis_G	Certhidea parvulus_Z	Geospiza difficilis_P	Chordata	Aves	D	-0.092	9x10-262	WGS	10.1038/nature14181	DP	6Feb21	Table S2 (the underscore represents what island the species is from)	multiple configurations	no	P			
Geospiza difficilis_G	Certhidea pauper_F	Geospiza difficilis_P	Chordata	Aves	D	-0.096	2x10-243	WGS	10.1038/nature14181	DP	6Feb21	Table S2 (the underscore represents what island the species is from)	multiple configurations	no	P			
Certhidea fusca_L	Certhidea olivacea_S	Geospiza conirostris_E	Chordata	Aves	D	-0.093	3x10-196	WGS	10.1038/nature14181	DP	6Feb21	Table S2 (the underscore represents what island the species is from)	multiple configurations	no	P			
Certhidea fusca_L	Certhidea olivacea_S	Geospiza magnirostris_G	Chordata	Aves	D	-0.092	3x10-190	WGS	10.1038/nature14181	DP	6Feb21	Table S2 (the underscore represents what island the species is from)	multiple configurations	no	P			
Certhidea fusca_L	Certhidea olivacea_S	Geospiza conirostris_G	Chordata	Aves	D	-0.094	2x10-204	WGS	10.1038/nature14181	DP	6Feb21	Table S2 (the underscore represents what island the species is from)	multiple configurations	no	P			
Certhidea fusca_L	Certhidea olivacea_S	Geospiza scandens_M	Chordata	Aves	D	-0.092	1x10-189	WGS	10.1038/nature14181	DP	6Feb21	Table S2 (the underscore represents what island the species is from)	multiple configurations	no	P			
Certhidea fusca_L	Certhidea olivacea_S	Geospiza difficilis_G	Chordata	Aves	D	-0.093	7x10-189	WGS	10.1038/nature14181	DP	6Feb21	Table S2 (the underscore represents what island the species is from)	multiple configurations	no	P			
Certhidea fusca_L	Certhidea olivacea_S	Geospiza fortis_M	Chordata	Aves	D	-0.092	4x10-188	WGS	10.1038/nature14181	DP	6Feb21	Table S2 (the underscore represents what island the species is from)	multiple configurations	no	P			
Certhidea fusca_L	Certhidea olivacea_S	Geospiza fuliginosa_S	Chordata	Aves	D	-0.093	1x10-189	WGS	10.1038/nature14181	DP	6Feb21	Table S2 (the underscore represents what island the species is from)	multiple configurations	no	P			
Certhidea fusca_L	Certhidea olivacea_S	Geospiza fuliginosa_Z	Chordata	Aves	D	-0.092	8x10-193	WGS	10.1038/nature14181	DP	6Feb21	Table S2 (the underscore represents what island the species is from)	multiple configurations	no	P			
Certhidea fusca_L	Certhidea olivacea_S	Geospiza difficilis_W	Chordata	Aves	D	-0.096	1x10-210	WGS	10.1038/nature14181	DP	6Feb21	Table S2 (the underscore represents what island the species is from)	multiple configurations	no	P			
Certhidea fusca_L	Certhidea olivacea_S	Geospiza difficilis_D	Chordata	Aves	D	-0.095	1x10-202	WGS	10.1038/nature14181	DP	6Feb21	Table S2 (the underscore represents what island the species is from)	multiple configurations	no	P			
Certhidea fusca_L	Certhidea olivacea_S	Certhidea pallidus_Z	Chordata	Aves	D	-0.082	3x10-138	WGS	10.1038/nature14181	DP	6Feb21	Table S2 (the underscore represents what island the species is from)	multiple configurations	no	P			
Certhidea fusca_L	Certhidea olivacea_S	Certhidea heliobates_I	Chordata	Aves	D	-0.09	2x10-170	WGS	10.1038/nature14181	DP	6Feb21	Table S2 (the underscore represents what island the species is from)	multiple configurations	no	P			
Certhidea fusca_L	Certhidea olivacea_S	Certhidea psittacula_P	Chordata	Aves	D	-0.09	6x10-172	WGS	10.1038/nature14181	DP	6Feb21	Table S2 (the underscore represents what island the species is from)	multiple configurations	no	P			
Certhidea fusca_L	Certhidea olivacea_S	Certhidea parvulus_Z	Chordata	Aves	D	-0.09	2x10-168	WGS	10.1038/nature14181	DP	6Feb21	Table S2 (the underscore represents what island the species is from)	multiple configurations	no	P			
Certhidea fusca_L	Certhidea olivacea_S	Certhidea pauper_F	Chordata	Aves	D	-0.089	2x10-171	WGS	10.1038/nature14181	DP	6Feb21	Table S2 (the underscore represents what island the species is from)	multiple configurations	no	P			
Certhidea fusca_L	Certhidea olivacea_S	Geospiza difficilis_P	Chordata	Aves	D	-0.088	5x10-167	WGS	10.1038/nature14181	DP	6Feb21	Table S2 (the underscore represents what island the species is from)	multiple configurations	no	P			
Certhidea fusca_L	Certhidea olivacea_S	Geospiza difficilis_S	Chordata	Aves	D	-0.089	1x10-171	WGS	10.1038/nature14181	DP	6Feb21	Table S2 (the underscore represents what island the species is from)	multiple configurations	no	P			
Certhidea fusca_L	Certhidea olivacea_S	Geospiza difficilis_F	Chordata	Aves	D	-0.09	3x10-177	WGS	10.1038/nature14181	DP	6Feb21	Table S2 (the underscore represents what island the species is from)	multiple configurations	no	P			
Certhidea fusca_L	Certhidea olivacea_S	Pinaroloxias inornata_C	Chordata	Aves	D	-0.093	2x10-190	WGS	10.1038/nature14181	DP	6Feb21	Table S2 (the underscore represents what island the species is from)	multiple configurations	no	P			
Certhidea fusca_L	Certhidea olivacea_S	Pinaroloxias crassirostris_Z	Chordata	Aves	D	-0.088	1x10-168	WGS	10.1038/nature14181	DP	6Feb21	Table S2 (the underscore represents what island the species is from)	multiple configurations	no	P			
Certhidea fusca_E	Certhidea olivacea_S	Geospiza conirostris_E	Chordata	Aves	D	-0.093	2x10-194	WGS	10.1038/nature14181	DP	6Feb21	Table S2 (the underscore represents what island the species is from)	multiple configurations	no	P			
Certhidea fusca_E	Certhidea olivacea_S	Geospiza magnirostris_G	Chordata	Aves	D	-0.092	1x10-191	WGS	10.1038/nature14181	DP	6Feb21	Table S2 (the underscore represents what island the species is from)	multiple configurations	no	P			
Certhidea fusca_E	Certhidea olivacea_S	Geospiza conirostris_G	Chordata	Aves	D	-0.097	3x10-215	WGS	10.1038/nature14181	DP	6Feb21	Table S2 (the underscore represents what island the species is from)	multiple configurations	no	P			
Certhidea fusca_E	Certhidea olivacea_S	Geospiza scandens_M	Chordata	Aves	D	-0.093	1x10-189	WGS	10.1038/nature14181	DP	6Feb21	Table S2 (the underscore represents what island the species is from)	multiple configurations	no	P			
Certhidea fusca_E	Certhidea olivacea_S	Geospiza difficilis_G	Chordata	Aves	D	-0.093	5x10-191	WGS	10.1038/nature14181	DP	6Feb21	Table S2 (the underscore represents what island the species is from)	multiple configurations	no	P			
Certhidea fusca_E	Certhidea olivacea_S	Geospiza fortis_M	Chordata	Aves	D	-0.093	2x10-190	WGS	10.1038/nature14181	DP	6Feb21	Table S2 (the underscore represents what island the species is from)	multiple configurations	no	P			
Certhidea fusca_E	Certhidea olivacea_S	Geospiza fuliginosa_S	Chordata	Aves	D	-0.093	2x10-190	WGS	10.1038/nature14181	DP	6Feb21	Table S2 (the underscore represents what island the species is from)	multiple configurations	no	P			
Certhidea fusca_E	Certhidea olivacea_S	Geospiza fuliginosa_Z	Chordata	Aves	D	-0.092	3x10-190	WGS	10.1038/nature14181	DP	6Feb21	Table S2 (the underscore represents what island the species is from)	multiple configurations	no	P			
Certhidea fusca_E	Certhidea olivacea_S	Geospiza difficilis_W	Chordata	Aves	D	-0.096	1x10-209	WGS	10.1038/nature14181	DP	6Feb21	Table S2 (the underscore represents what island the species is from)	multiple configurations	no	P			
Certhidea fusca_E	Certhidea olivacea_S	Geospiza difficilis_D	Chordata	Aves	D	-0.095	1x10-200	WGS	10.1038/nature14181	DP	6Feb21	Table S2 (the underscore represents what island the species is from)	multiple configurations	no	P			
Certhidea fusca_E	Certhidea olivacea_S	Certhidea pallidus_Z	Chordata	Aves	D	-0.081	4x10-138	WGS	10.1038/nature14181	DP	6Feb21	Table S2 (the underscore represents what island the species is from)	multiple configurations	no	P			
Certhidea fusca_E	Certhidea olivacea_S	Certhidea heliobates_I	Chordata	Aves	D	-0.089	7x10-170	WGS	10.1038/nature14181	DP	6Feb21	Table S2 (the underscore represents what island the species is from)	multiple configurations	no	P			
Certhidea fusca_E	Certhidea olivacea_S	Certhidea psittacula_P	Chordata	Aves	D	-0.089	2x10-171	WGS	10.1038/nature14181	DP	6Feb21	Table S2 (the underscore represents what island the species is from)	multiple configurations	no	P			
Certhidea fusca_E	Certhidea olivacea_S	Certhidea parvulus_Z	Chordata	Aves	D	-0.088	2x10-165	WGS	10.1038/nature14181	DP	6Feb21	Table S2 (the underscore represents what island the species is from)	multiple configurations	no	P			
Certhidea fusca_E	Certhidea olivacea_S	Certhidea pauper_F	Chordata	Aves	D	-0.089	2x10-169	WGS	10.1038/nature14181	DP	6Feb21	Table S2 (the underscore represents what island the species is from)	multiple configurations	no	P			
Certhidea fusca_E	Certhidea olivacea_S	Geospiza difficilis_P	Chordata	Aves	D	-0.088	5x10-166	WGS	10.1038/nature14181	DP	6Feb21	Table S2 (the underscore represents what island the species is from)	multiple configurations	no	P			
Certhidea fusca_E	Certhidea olivacea_S	Geospiza difficilis_S	Chordata	Aves	D	-0.089	1x10-170	WGS	10.1038/nature14181	DP	6Feb21	Table S2 (the underscore represents what island the species is from)	multiple configurations	no	P			
Certhidea fusca_E	Certhidea olivacea_S	Geospiza difficilis_F	Chordata	Aves	D	-0.09	2x10-176	WGS	10.1038/nature14181	DP	6Feb21	Table S2 (the underscore represents what island the species is from)	multiple configurations	no	P			
Certhidea fusca_E	Certhidea olivacea_S	Pinaroloxias inornata_C	Chordata	Aves	D	-0.094	5x10-194	WGS	10.1038/nature14181	DP	6Feb21	Table S2 (the underscore represents what island the species is from)	multiple configurations	no	P			
Certhidea fusca_E	Certhidea olivacea_S	Pinaroloxias crassirostris_Z	Chordata	Aves	D	-0.088	1x10-166	WGS	10.1038/nature14181	DP	6Feb21	Table S2 (the underscore represents what island the species is from)	multiple configurations	no	P			
Geospiza conirostris_E	Geospiza conirostris_G	Certhidea pallidus_Z	Chordata	Aves	D	0.11	4x10-209	WGS	10.1038/nature14181	DP	6Feb21	Table S2 (the underscore represents what island the species is from)	multiple configurations	no	P			
Geospiza magnirostris_G	Geospiza conirostris_G	Certhidea pallidus_Z	Chordata	Aves	D	0.118	4x10-229	WGS	10.1038/nature14181	DP	6Feb21	Table S2 (the underscore represents what island the species is from)	multiple configurations	no	P			
Geospiza conirostris_G	Geospiza scandens_M	Certhidea pallidus_Z	Chordata	Aves	D	-0.124	2x10-267	WGS	10.1038/nature14181	DP	6Feb21	Table S2 (the underscore represents what island the species is from)	multiple configurations	no	P			
Geospiza conirostris_G	Geospiza difficilis_G	Certhidea pallidus_Z	Chordata	Aves	D	-0.085	2x10-119	WGS	10.1038/nature14181	DP	6Feb21	Table S2 (the underscore represents what island the species is from)	multiple configurations	no	P			
Geospiza conirostris_G	Geospiza fortis_M	Certhidea pallidus_Z	Chordata	Aves	D	-0.087	2x10-126	WGS	10.1038/nature14181	DP	6Feb21	Table S2 (the underscore represents what island the species is from)	multiple configurations	no	P			
Geospiza conirostris_G	Geospiza fuliginosa_S	Certhidea pallidus_Z	Chordata	Aves	D	-0.072	2x10-83	WGS	10.1038/nature14181	DP	6Feb21	Table S2 (the underscore represents what island the species is from)	multiple configurations	no	P			
Geospiza conirostris_G	Geospiza fuliginosa_Z	Certhidea pallidus_Z	Chordata	Aves	D	-0.066	1x10-67	WGS	10.1038/nature14181	DP	6Feb21	Table S2 (the underscore represents what island the species is from)	multiple configurations	no	P			
Geospiza conirostris_G	Geospiza difficilis_W	Certhidea pallidus_Z	Chordata	Aves	D	-0.116	2x10-232	WGS	10.1038/nature14181	DP	6Feb21	Table S2 (the underscore represents what island the species is from)	multiple configurations	no	P			
Geospiza conirostris_G	Geospiza difficilis_D	Certhidea pallidus_Z	Chordata	Aves	D	-0.114	4x10-220	WGS	10.1038/nature14181	DP	6Feb21	Table S2 (the underscore represents what island the species is from)	multiple configurations	no	P			
Geospiza conirostris_E	Geospiza conirostris_G	Certhidea heliobates_I	Chordata	Aves	D	0.085	3x10-119	WGS	10.1038/nature14181	DP	6Feb21	Table S2 (the underscore represents what island the species is from)	multiple configurations	no	P			
Geospiza magnirostris_G	Geospiza conirostris_G	Certhidea heliobates_I	Chordata	Aves	D	0.097	6x10-171	WGS	10.1038/nature14181	DP	6Feb21	Table S2 (the underscore represents what island the species is from)	multiple configurations	no	P			
Geospiza conirostris_G	Geospiza scandens_M	Certhidea heliobates_I	Chordata	Aves	D	-0.107	8x10-233	WGS	10.1038/nature14181	DP	6Feb21	Table S2 (the underscore represents what island the species is from)	multiple configurations	no	P			
Geospiza conirostris_G	Geospiza difficilis_G	Certhidea heliobates_I	Chordata	Aves	D	-0.059	4x10-53	WGS	10.1038/nature14181	DP	6Feb21	Table S2 (the underscore represents what island the species is from)	multiple configurations	no	P			
Geospiza conirostris_G	Geospiza fortis_M	Certhidea heliobates_I	Chordata	Aves	D	-0.065	8x10-70	WGS	10.1038/nature14181	DP	6Feb21	Table S2 (the underscore represents what island the species is from)	multiple configurations	no	P			
Geospiza conirostris_G	Geospiza fuliginosa_S	Certhidea heliobates_I	Chordata	Aves	D	-0.048	8x10-34	WGS	10.1038/nature14181	DP	6Feb21	Table S2 (the underscore represents what island the species is from)	multiple configurations	no	P			
Geospiza conirostris_G	Geospiza fuliginosa_Z	Certhidea heliobates_I	Chordata	Aves	D	-0.042	4x10-26	WGS	10.1038/nature14181	DP	6Feb21	Table S2 (the underscore represents what island the species is from)	multiple configurations	no	P			
Geospiza conirostris_G	Geospiza difficilis_W	Certhidea heliobates_I	Chordata	Aves	D	-0.098	3x10-154	WGS	10.1038/nature14181	DP	6Feb21	Table S2 (the underscore represents what island the species is from)	multiple configurations	no	P			
Geospiza conirostris_G	Geospiza difficilis_D	Certhidea heliobates_I	Chordata	Aves	D	-0.096	3x10-152	WGS	10.1038/nature14181	DP	6Feb21	Table S2 (the underscore represents what island the species is from)	multiple configurations	no	P			
Geospiza conirostris_E	Geospiza conirostris_G	Certhidea psittacula_P	Chordata	Aves	D	0.128	6x10-244	WGS	10.1038/nature14181	DP	6Feb21	Table S2 (the underscore represents what island the species is from)	multiple configurations	no	P			
Geospiza magnirostris_G	Geospiza conirostris_G	Certhidea psittacula_P	Chordata	Aves	D	0.134	2x10-250	WGS	10.1038/nature14181	DP	6Feb21	Table S2 (the underscore represents what island the species is from)	multiple configurations	no	P			
Geospiza conirostris_G	Geospiza scandens_M	Certhidea psittacula_P	Chordata	Aves	D	-0.142	4x10-300	WGS	10.1038/nature14181	DP	6Feb21	Table S2 (the underscore represents what island the species is from)	multiple configurations	no	P			
Geospiza conirostris_G	Geospiza difficilis_G	Certhidea psittacula_P	Chordata	Aves	D	-0.099	3x10-135	WGS	10.1038/nature14181	DP	6Feb21	Table S2 (the underscore represents what island the species is from)	multiple configurations	no	P			
Geospiza conirostris_G	Geospiza fortis_M	Certhidea psittacula_P	Chordata	Aves	D	-0.102	2x10-150	WGS	10.1038/nature14181	DP	6Feb21	Table S2 (the underscore represents what island the species is from)	multiple configurations	no	P			
Geospiza conirostris_G	Geospiza fuliginosa_S	Certhidea psittacula_P	Chordata	Aves	D	-0.087	2x10-103	WGS	10.1038/nature14181	DP	6Feb21	Table S2 (the underscore represents what island the species is from)	multiple configurations	no	P			
Geospiza conirostris_G	Geospiza fuliginosa_Z	Certhidea psittacula_P	Chordata	Aves	D	-0.081	3x10-87	WGS	10.1038/nature14181	DP	6Feb21	Table S2 (the underscore represents what island the species is from)	multiple configurations	no	P			
Geospiza conirostris_G	Geospiza difficilis_W	Certhidea psittacula_P	Chordata	Aves	D	-0.133	2x10-260	WGS	10.1038/nature14181	DP	6Feb21	Table S2 (the underscore represents what island the species is from)	multiple configurations	no	P			
Geospiza conirostris_G	Geospiza difficilis_D	Certhidea psittacula_P	Chordata	Aves	D	-0.133	3x10-254	WGS	10.1038/nature14181	DP	6Feb21	Table S2 (the underscore represents what island the species is from)	multiple configurations	no	P			
Geospiza conirostris_E	Geospiza conirostris_G	Certhidea parvulus_Z	Chordata	Aves	D	0.093	9x10-164	WGS	10.1038/nature14181	DP	6Feb21	Table S2 (the underscore represents what island the species is from)	multiple configurations	no	P			
Geospiza magnirostris_G	Geospiza conirostris_G	Certhidea parvulus_Z	Chordata	Aves	D	0.105	2x10-203	WGS	10.1038/nature14181	DP	6Feb21	Table S2 (the underscore represents what island the species is from)	multiple configurations	no	P			
Geospiza conirostris_G	Geospiza scandens_M	Certhidea parvulus_Z	Chordata	Aves	D	-0.111	7x10-243	WGS	10.1038/nature14181	DP	6Feb21	Table S2 (the underscore represents what island the species is from)	multiple configurations	no	P			
Geospiza conirostris_G	Geospiza difficilis_G	Certhidea parvulus_Z	Chordata	Aves	D	-0.061	6x10-52	WGS	10.1038/nature14181	DP	6Feb21	Table S2 (the underscore represents what island the species is from)	multiple configurations	no	P			
Geospiza conirostris_G	Geospiza fortis_M	Certhidea parvulus_Z	Chordata	Aves	D	-0.067	2x10-72	WGS	10.1038/nature14181	DP	6Feb21	Table S2 (the underscore represents what island the species is from)	multiple configurations	no	P			
Geospiza conirostris_G	Geospiza fuliginosa_S	Certhidea parvulus_Z	Chordata	Aves	D	-0.049	6x10-34	WGS	10.1038/nature14181	DP	6Feb21	Table S2 (the underscore represents what island the species is from)	multiple configurations	no	P			
Geospiza conirostris_G	Geospiza fuliginosa_Z	Certhidea parvulus_Z	Chordata	Aves	D	-0.043	3x10-24	WGS	10.1038/nature14181	DP	6Feb21	Table S2 (the underscore represents what island the species is from)	multiple configurations	no	P			
Geospiza conirostris_G	Geospiza difficilis_W	Certhidea parvulus_Z	Chordata	Aves	D	-0.103	9x10-181	WGS	10.1038/nature14181	DP	6Feb21	Table S2 (the underscore represents what island the species is from)	multiple configurations	no	P			
Geospiza conirostris_G	Geospiza difficilis_D	Certhidea parvulus_Z	Chordata	Aves	D	-0.102	1x10-164	WGS	10.1038/nature14181	DP	6Feb21	Table S2 (the underscore represents what island the species is from)	multiple configurations	no	P			
Geospiza conirostris_E	Geospiza conirostris_G	Certhidea pauper_F	Chordata	Aves	D	0.095	2x10-172	WGS	10.1038/nature14181	DP	6Feb21	Table S2 (the underscore represents what island the species is from)	multiple configurations	no	P			
Geospiza magnirostris_G	Geospiza conirostris_G	Certhidea pauper_F	Chordata	Aves	D	0.106	6x10-198	WGS	10.1038/nature14181	DP	6Feb21	Table S2 (the underscore represents what island the species is from)	multiple configurations	no	P			
Geospiza conirostris_G	Geospiza scandens_M	Certhidea pauper_F	Chordata	Aves	D	-0.115	2x10-252	WGS	10.1038/nature14181	DP	6Feb21	Table S2 (the underscore represents what island the species is from)	multiple configurations	no	P			
Geospiza conirostris_G	Geospiza difficilis_G	Certhidea pauper_F	Chordata	Aves	D	-0.067	3x10-76	WGS	10.1038/nature14181	DP	6Feb21	Table S2 (the underscore represents what island the species is from)	multiple configurations	no	P			
Geospiza conirostris_G	Geospiza fortis_M	Certhidea pauper_F	Chordata	Aves	D	-0.072	1x10-93	WGS	10.1038/nature14181	DP	6Feb21	Table S2 (the underscore represents what island the species is from)	multiple configurations	no	P			
Geospiza conirostris_G	Geospiza fuliginosa_S	Certhidea pauper_F	Chordata	Aves	D	-0.055	3x10-52	WGS	10.1038/nature14181	DP	6Feb21	Table S2 (the underscore represents what island the species is from)	multiple configurations	no	P			
Geospiza conirostris_G	Geospiza fuliginosa_Z	Certhidea pauper_F	Chordata	Aves	D	-0.049	1x10-39	WGS	10.1038/nature14181	DP	6Feb21	Table S2 (the underscore represents what island the species is from)	multiple configurations	no	P			
Geospiza conirostris_G	Geospiza difficilis_W	Certhidea pauper_F	Chordata	Aves	D	-0.106	1x10-198	WGS	10.1038/nature14181	DP	6Feb21	Table S2 (the underscore represents what island the species is from)	multiple configurations	no	P			
Geospiza conirostris_G	Geospiza difficilis_D	Certhidea pauper_F	Chordata	Aves	D	-0.105	4x10-190	WGS	10.1038/nature14181	DP	6Feb21	Table S2 (the underscore represents what island the species is from)	multiple configurations	no	P			
Gypsophila annamensis	Gypsophila calcicola	Napothera crispifrons	Chordata	Aves	D	0.012	2.75	WGS	10.1111/mec.15718	DP	1Mar21	Table 1	specific configurations	no	Z			
Gypsophila annamensis	Gypsophila calcicola	Napothera crispifrons	Chordata	Aves	D	0.002	0.53	WGS	10.1111/mec.15718	DP	1Mar21	Table 1	specific configurations	no	Z			
Gypsophila annamensis	Gypsophila calcicola	Napothera crispifrons	Chordata	Aves	D	-0.007	-1.38	WGS	10.1111/mec.15718	DP	1Mar21	Table 1	specific configurations	no	Z			
Napothera crispifrons	Napothera crispifrons	Napothera crispifrons	Chordata	Aves	D	0.001	0.16	WGS	10.1111/mec.15718	DP	1Mar21	Table 1	specific configurations	no	Z			
Buthraupis aureodorsalis	Buthraupis aureodorsalis	Buthraupis eximia	Chordata	Aves	D	0.004	0.952	RAD	https://doi.org/10.1111/evo.13251	AD		Table S2	specific configurations	no	P			
Buthraupis riefferii	Buthraupis riefferii	Buthraupis riefferii	Chordata	Aves	D	0.126	0	RAD	https://doi.org/10.1111/evo.13251	AD		Table S2	specific configurations	no	P			
Buthraupis riefferii	Buthraupis riefferii	Buthraupis riefferii	Chordata	Aves	D	0.016	0.242	RAD	https://doi.org/10.1111/evo.13251	AD		Table S2	specific configurations	no	P			
Grallaria przewalskii	Grallaria przewalskii	Grallaria hypoleuca	Chordata	Aves	D	0.085	0	RAD	https://doi.org/10.1111/evo.13251	AD		Table S2	specific configurations	no	P			
Grallaria squamigera	Grallaria squamigera	Grallaria squamigera	Chordata	Aves	D	0.038	0.01	RAD	https://doi.org/10.1111/evo.13251	AD		Table S2	specific configurations	no	P			
Grallaria squamigera	Grallaria squamigera	Grallaria squamigera	Chordata	Aves	D	0.203	0	RAD	https://doi.org/10.1111/evo.13251	AD		Table S2	specific configurations	no	P			
Hemispingus xanthophthalmus	Hemispingus xanthophthalmus	Hemispingus verticalis	Chordata	Aves	D	0.032	0.01	RAD	https://doi.org/10.1111/evo.13251	AD		Table S2	specific configurations	no	P			
Hemispingus frontalis	Hemispingus frontalis	Hemispingus frontalis	Chordata	Aves	D	0.065	0	RAD	https://doi.org/10.1111/evo.13251	AD		Table S2	specific configurations	no	P			
Iridosornis reinhardti	Iridosornis reinhardti	Iridosornis rufivertex	Chordata	Aves	D	-0.014	0.667	RAD	https://doi.org/10.1111/evo.13251	AD		Table S2	specific configurations	no	P			
Iridosornis reinhardti	Iridosornis reinhardti	Iridosornis rufivertex	Chordata	Aves	D	0.04	0.257	RAD	https://doi.org/10.1111/evo.13251	AD		Table S2	specific configurations	no	P			
Leptopogon taczanowskii	Leptopogon taczanowskii	Leptopogon rufipectus	Chordata	Aves	D	0.131	0.089	RAD	https://doi.org/10.1111/evo.13251	AD		Table S2	specific configurations	no	P			
Leptopogon taczanowskii	Leptopogon taczanowskii	Leptopogon rufipectus	Chordata	Aves	D	0	0.992	RAD	https://doi.org/10.1111/evo.13251	AD		Table S2	specific configurations	no	P			
Nephelomyias ochraceiventris	Nephelomyias ochraceiventris	Nephelomyias lintoni	Chordata	Aves	D	0.058	0.136	RAD	https://doi.org/10.1111/evo.13251	AD		Table S2	specific configurations	no	P			
Ochthoeca pulchella	Ochthoeca pulchella	Ochthoeca diadema	Chordata	Aves	D	0.021	0.142	RAD	https://doi.org/10.1111/evo.13251	AD		Table S2	specific configurations	no	P			
Ochthoeca pulchella	Ochthoeca pulchella	Ochthoeca diadema	Chordata	Aves	D	0.322	0	RAD	https://doi.org/10.1111/evo.13251	AD		Table S2	specific configurations	no	P			
Thripadectes scrutator	Thripadectes scrutator	Thripadectes flammulatus	Chordata	Aves	D	0.042	0.089	RAD	https://doi.org/10.1111/evo.13251	AD		Table S2	specific configurations	no	P			
Thripadectes scrutator	Thripadectes scrutator	Thripadectes flammulatus	Chordata	Aves	D	0.02	0.465	RAD	https://doi.org/10.1111/evo.13251	AD		Table S2	specific configurations	no	P			
Thripadectes holostictus	Thripadectes holostictus	Thripadectes holostictus	Chordata	Aves	D	0.124	0	RAD	https://doi.org/10.1111/evo.13251	AD		Table S2	specific configurations	no	P			